molecular_weight,logp,tpsa,num_rotatable_bonds,num_h_acceptors,num_h_donors,num_aromatic_rings,num_aliphatic_rings,num_saturated_rings,num_heteroatoms,fraction_csp3,num_bridgehead_atoms,chi0v,chi1v,kappa1,kappa2,balabanj,hallkieralpha,molmr,labuteasa,peoe_vsa1,peoe_vsa2,peoe_vsa3,peoe_vsa4,peoe_vsa5,smr_vsa1,smr_vsa2,slogp_vsa1,slogp_vsa2,max_partial_charge,min_partial_charge,column_id,start_temp,end_temp,temp_range,heating_rate,flow_rate,retention_time
78.046950192,0.27815,0.0,0,0,0,2,0,0,0,0.0,0,3.464101615137755,2.0000000000000004,3.4115708812260532,1.6057694396735218,1.012836,1.17,21.329,37.43140311949697,0.0,0.0,0.0,0.0,0.0,0.0,0.0,0.0,0.0,-0.062268570782092456,-0.062268570782092456,4,60.0,280.0,220.0,10.0,1.0,10.0
78.046950192,0.3103,0.0,0,0,0,1,0,0,0,0.0,0,3.464101615137755,2.0000000000000004,3.4115708812260532,1.6989097,3.000000000000001,-0.78,26.441999999999993,26.36841,0.0,9.6,0.0,0.0,0.0,0.0,0.0,0.0,7.4,-0.062268570782092456,-0.062268570782092456,4,60.0,280.0,220.0,10.0,1.0,10.0
78.046950192,0.3103,0.0,0,0,0,1,0,0,0,0.0,0,3.464101615137755,2.0000000000000004,3.4115708812260532,1.6057694396735218,3.000000000000001,-0.78,26.441999999999993,26.36841,0.0,0.0,0.0,0.0,0.0,0.0,0.0,0.0,7.4,-0.062268570782092456,-0.062268570782092456,4,60.0,280.0,220.0,10.0,1.0,10.0
78.046950192,0.3103,0.0,0,0,0,1,0,0,0,0.0,0,3.464101615137755,2.0000000000000004,3.4115708812260532,1.6989097,3.000000000000001,-0.78,26.441999999999993,26.36841,0.0,0.0,0.0,0.0,0.0,0.0,0.0,0.0,7.4,-0.062268570782092456,-0.062268570782092456,4,60.0,280.0,220.0,10.0,1.0,10.0
59.62927,1.6866,0.0,0,0,0,0,0,0,0,0.0,0,3.464101615137755,2.0000000000000004,3.4115708812260532,1.6057694396735218,3.000000000000001,-0.78,26.441999999999993,34.09787,0.0,0.9,0.1,0.0,0.0,0.0,0.0,0.0,0.0,-0.062268570782092456,-0.062268570782092456,4,60.0,280.0,220.0,10.0,1.0,10.0
